indice_tiempo,total_recaudacion,subtotal_dgi,subtotal_dga,seguridad_social,total_recaudacion_var_ia,subtotal_dgi_var_ia,subtotal_dga_var_ia,seguridad_social_var_ia
1997-01-01,4353.7589573800005,2313.67514888,884.3412494999999,1155.7425589999998,,,,
1997-02-01,3634.7622079300004,2038.6502506099998,744.10848932,852.003468,,,,
1997-03-01,3531.36025391,1955.4332607699998,799.97610814,775.950885,,,,
1997-04-01,3939.77734259,2154.34053131,960.91351428,824.5232970000001,,,,
1997-05-01,4600.93050806,2778.2112772200003,984.07841484,838.6408160000001,,,,
1997-06-01,3908.6077911,2191.86160656,900.47866654,816.267518,,,,
1997-07-01,4136.127520910001,1931.87649902,1036.55005989,1167.7009720000003,,,,
1997-08-01,4009.2686883499996,2233.87882535,961.184588,814.2052750000001,,,,
1997-09-01,4083.2625197499992,2161.57407411,1112.10492783,809.5830678099999,,,,
1997-10-01,3961.8721024100005,2044.81196,1084.75550541,832.3046360000001,,,,
1997-11-01,4117.013020980001,2324.6516149299996,976.65703305,815.7043729999999,,,,
1997-12-01,4250.573704570001,2439.46634503,962.41212854,848.695231,,,,
1998-01-01,4153.8362087900005,2068.60618508,942.68512271,1142.5449010000002,-0.04591957215525533,,,
1998-02-01,3928.5013594,2301.71940134,800.72516806,826.0567899999999,0.08081385649634676,,,
1998-03-01,3888.0215952900003,2098.42619446,1027.04667083,762.5487300000002,0.10099828840320013,,,
1998-04-01,3899.3891778800003,2154.62956705,970.41142083,774.34819,-0.010251382552357247,,,
1998-05-01,4703.723850810001,2983.59702712,926.44717369,793.6796500000002,0.022341859449936496,,,
1998-06-01,4617.98512186,2762.50974659,1019.32917722,836.1461980500002,0.18149104967125895,,,
1998-07-01,4390.8997756399995,2186.98597534,1078.39536574,1125.5184345600003,0.06159680847411231,,,
1998-08-01,4188.35460957,2398.4549819999997,990.1997423700001,799.6998851999999,0.044667976915686136,,,
1998-09-01,3980.1947104100004,2203.71422981,976.20128406,800.27919654,-0.025241533906154356,,,
1998-10-01,3973.5104546199996,2202.06498798,946.50935047,824.9361161699998,0.0029375890763660983,,,
1998-11-01,4030.3126312000004,2355.5999695,887.28742264,787.4252390600001,-0.02105905163238042,,,
1998-12-01,4281.813560979999,2636.25272535,851.09367508,794.4671605499998,0.007349562337058524,,,
1999-01-01,4179.71660927,2316.12674635,718.4667564800001,1145.1231064400004,0.006230481699117885,,,
1999-02-01,3753.3791592599996,2320.22140184,653.0631751200001,780.0945823,-0.044577355107940475,,,
1999-03-01,3904.7960953500005,2350.5832116799997,816.3110829100001,737.90180076,0.004314405064087312,,,
1999-04-01,3807.6217490800004,2338.14623791,756.71885298,712.7566581899999,-0.023533795836683136,,,
1999-05-01,4166.50943456,2802.8978882100005,672.81834484,690.7932015100001,-0.11421044969667815,,,
1999-06-01,4179.10385398,2737.6575158200003,776.06191545,665.3844227100001,-0.09503739321343463,,,
1999-07-01,4074.5277891299997,2230.1863747700004,825.8719036800001,1018.46951068,-0.07205174398768566,,,
1999-08-01,3990.1056930899995,2500.23569901,799.15156985,690.71842423,-0.04733336476023797,,,
1999-09-01,3921.4833979299997,2356.5904419199996,808.4300825700001,756.4628734400001,-0.014750864405312702,,,
1999-10-01,3795.41934541,2389.42753999,800.9297819200001,605.0620235,-0.04481958994292645,,,
1999-11-01,3984.1706098900004,2442.93555052,855.05705217,686.1780071999999,-0.01144874493179493,,,
1999-12-01,3886.2244478000002,2405.5122898600002,828.23252007,652.4796378699998,-0.092388215307875,,,
2000-01-01,4110.58014151,2505.70116978,666.5544757200001,938.3244960100001,-0.01654094624661029,,,
2000-02-01,3739.3391383000007,2317.38140306,654.67239774,767.2853375000002,-0.003740634869078052,,,
2000-03-01,3812.89700236,2353.7661693699993,740.6976408699999,718.4331921300001,-0.023534927495814206,,,
2000-04-01,3892.5721773099995,2607.8128582,651.68984486,633.0694742499999,0.022310626902613206,,,
2000-05-01,4341.3143552,2911.8796934399998,755.6266665400001,673.8161455899999,0.04195476414622834,,,
2000-06-01,4824.328246559999,3357.1719010700003,737.92338494,729.1798145099998,0.1543930026925544,,,
2000-07-01,4225.883777850001,2479.54106211,752.1208164399999,994.2218992999997,0.03714687849811393,,,
2000-08-01,4208.62121667,2730.79086945,787.4694154700001,690.4498387300002,0.05476434470355551,,,
2000-09-01,4071.91770826,2521.69557325,715.1426141000001,835.0271734200002,0.03836158286667968,,,
2000-10-01,4022.85551068,2563.12537252,772.5189247399999,687.2400149999999,0.059923856778843376,,,
2000-11-01,3920.76329302,2487.53509321,758.50036237,674.7644463900002,-0.0159148096501196,,,
2000-12-01,3931.2985727799996,2592.2129726999997,682.45178888,656.6355643100001,0.011598435856044365,,,
2001-01-01,4219.057216759999,2595.4121260699994,667.55050536,956.0945853299996,0.02638972396002237,0.03580273552646984,0.001494295929712175,0.01893810658845907
2001-02-01,3764.2977356199995,2509.31049836,574.1784615700001,680.8087756899998,0.00667460115194185,0.08282153945248982,-0.12295300129938835,-0.11270456710636723
2001-03-01,3321.6662610000003,1980.32720309,687.91479391,653.424264,-0.12883399185867106,-0.1586559324114819,-0.07126098970425077,-0.0904870889069902
2001-04-01,3538.30063011,2275.9690947599997,653.8345863599999,608.49694899,-0.09101219734988253,-0.12724983788485877,0.003291046372620121,-0.03881489514102865
2001-05-01,4690.52761486,3341.4310807900006,698.13463968,650.96189439,0.08043952386025999,0.14751687314476336,-0.07608522754133995,-0.03391763665738301
2001-06-01,4589.573837930001,3267.1578372199997,652.82974742,669.6556255099999,-0.048660538137592524,-0.0268124679052959,-0.11531500323291544,-0.08163170155772814
2001-07-01,3858.1962304849994,2334.80733884,691.4875849599999,831.9353195600003,-0.0870084381620333,-0.05837117419900151,-0.08061634534594342,-0.16322973760109316
2001-08-01,4063.65065219,2793.4390857599997,600.73739674,669.44298568,-0.03444609457980763,0.02294141855052323,-0.23712923329034852,-0.03042487936363314
2001-09-01,3502.57517458,2427.93074115,429.15425816,645.5459778000001,-0.13982171902076324,-0.03718324808698248,-0.3999039496477407,-0.22691620303079074
2001-10-01,3569.24094382,2421.1916914000003,499.66786478,648.4358917800001,-0.11275934859100212,-0.05537523940175193,-0.353196602985268,-0.05646371336511846
2001-11-01,3467.62333744,2411.42370099,460.76761654999996,595.41244372,-0.11557442306877075,-0.030597112952397976,-0.3925281523791344,-0.11759956099426183
2001-12-01,2818.7015967700004,2089.96775562,294.96386395,433.72498971999994,-0.28301004246116856,-0.19375152519079897,-0.5677879833327457,-0.339473806637685
2002-01-01,3411.2354418699992,2365.87070209,296.07232902,749.2817957099998,-0.19146973681252,-0.08844122352451722,-0.5564795073290633,-0.21630996848352368
2002-02-01,3001.23548987,2124.1566449499996,282.51172231,594.57982588,-0.20271038566621757,-0.15348991432575754,-0.5079722747915058,-0.1266566367664793
2002-03-01,3076.65926003,2125.9471153900004,422.31002692,528.4465425399999,-0.07376027021337173,0.07353325858109838,-0.3861012575123498,-0.19126581050868374
2002-04-01,2884.3195838899996,1729.34357928,627.01381307,527.9602716600001,-0.18482913539194357,-0.24017264414464345,-0.04102073192443889,-0.13235346120252023
2002-05-01,4826.59616159,3053.60343557,1064.14337403,708.8921198199997,0.02900921983678839,-0.08613903392313893,0.5242666866061327,0.08899173043651754
2002-06-01,4614.909506739999,2777.88434083,1181.03985998,655.9064630299999,0.005520266086714853,-0.14975508401097604,0.8091085227771866,-0.020531691150251774
2002-07-01,4986.77851925,2663.8705035899998,1407.9553163499997,914.9526993100001,0.2925155231472325,0.14093803770271163,1.0361252276589243,0.09978826213786252
2002-08-01,4731.40867302,2737.34527595,1291.8056595399999,702.4168704100001,0.16432466222708597,-0.020080555934062327,1.150366643645285,0.04925570277879032
2002-09-01,4343.8010918499995,2561.4623952600004,1102.68912478,679.8196909700001,0.24017355098477577,0.05499813147336852,1.5694470084201946,0.05309259812415501
2002-10-01,4763.644598455,2712.95943498,1309.9146991100001,740.8265087599997,0.3346380010301806,0.12050584206791637,1.6215708302288876,0.14248226871955083
2002-11-01,5020.7931810499995,3001.3678341999994,1332.4577610799997,686.9437723699999,0.44790615717699,0.24464557305619938,1.8918216324679769,0.153727604478894
2002-12-01,4814.02109816,2966.78466833,1154.36155215,693.01896751,0.7078860364915789,0.4195360958810044,2.9135694003034844,0.5978303854647449
2003-01-01,5600.40514198,3172.73065248,1421.60030813,1006.1544256699998,0.6417527424931782,0.3410414397021879,3.801530466678531,0.3428251312533148
2003-02-01,4654.40699369,2681.25232163,1260.08551446,713.0257524000001,0.5508303195133839,0.26226675796460097,3.4602946177125657,0.199209460806538
2003-03-01,4823.289831710001,2704.8912466199995,1439.6181139499997,678.87058818,0.5677036109819225,0.2723229223525596,2.408912936425999,0.28465328757187214
2003-04-01,5456.798713810001,3145.9552641000005,1650.4814123100002,660.36930089,0.8918842226389392,0.8191615025452585,1.6322887596827793,0.25079354704792944
2003-05-01,7148.9242186599995,4679.83753813,1761.74453411,707.3772388100001,0.48115234407864116,0.5325623110115607,0.6555518524145163,-0.0021369697414386213
2003-06-01,6481.36387604,3957.46708196,1814.5885295100002,709.30826457,0.40444007982693364,0.42463349671986506,0.5364329274549029,0.08141679423817116
2003-07-01,6507.436785930002,3513.1893412599998,1870.4709340199997,1123.7765106499999,0.30493799971463464,0.31882887570000285,0.3285016309104405,0.2282345431599706
2003-08-01,6055.293235089999,3860.7224323,1432.93250507,761.6382977199997,0.2798076965152494,0.4103892797959623,0.10924773745011618,0.08431094098783842
2003-09-01,6116.044601689999,3245.5710034100002,2083.4728157600002,787.0007825199998,0.407993706978238,0.2670773576125678,0.8894471423899086,0.15766105773880779
2003-10-01,6284.55581359,3353.7841054399996,2096.62525197,834.1464561800002,0.3192747031607437,0.23620871812435484,0.6005815137386561,0.12596734365809903
2003-11-01,6393.79526163,3664.5905235099995,1893.9992004599999,835.2055376599999,0.2734631822243003,0.22097347807646472,0.4214328257016213,0.21582809431183492
2003-12-01,6752.259815259999,3968.4097999699998,1932.4297882800001,851.4202270100001,0.4026236440552424,0.33761302002541815,0.6740247322694062,0.22856699012024428
2004-01-01,7159.96339146,4110.24556545,1799.91110372,1249.8297337200001,0.2784723979680914,0.29549149160745203,0.26611614630812586,0.2421847997018316
2004-02-01,6360.17949957,3731.2448292999998,1666.5652869199998,962.4917848,0.3664854638179522,0.39160525818460945,0.3225811008820252,0.3498695966594654
2004-03-01,6612.900034764999,3729.2443997299997,1986.44692464,897.1308790900001,0.3710351783733734,0.37870400682098393,0.37984296348537927,0.3215050036195253
2004-04-01,7047.92983054,3857.26267259,2268.15742968,922.5097282699998,0.2915869175645389,0.22610220069149367,0.37423991131502987,0.39696034783371226
2004-05-01,12367.791487659999,8911.255696619999,2524.6882001100003,931.84759093,0.7300213443832293,0.9041805669563512,0.43306146335536955,0.31732764330616536
2004-06-01,9469.87981613,6057.46471382,2470.92317166,941.4919306500001,0.4610936829419199,0.5306418444850189,0.3616988818546276,0.3273381654741545
2004-07-01,8704.325907749999,4727.83259429,2566.70397763,1409.7893358299996,0.33759669038506557,0.3457380559495751,0.3722233962297732,0.25451041418775344
2004-08-01,8469.467867369998,4976.65787786,2495.46770304,997.3422864699999,0.3986883109623869,0.28904834914412336,0.7415109882779121,0.3094697173915639
2004-09-01,7975.691837195,4346.54129976,2431.8452063100003,1197.29995053,0.3040604437369765,0.3392223726405157,0.16720755265670317,0.5213453113683191
2004-10-01,8043.682640204999,4612.52684642,2378.31456966,1052.8529671299998,0.2799126746254661,0.37532014626053556,0.13435367976481394,0.26219197999302524
2004-11-01,8102.753884785003,4509.57994169,2538.54024036,1054.5739747600003,0.2672839140487788,0.23058221996673645,0.3403069229086575,0.262652038580355
2004-12-01,7992.899674560001,4425.02122366,2522.67649154,1045.23928454,0.18373698483819823,0.11506156034929971,0.30544276787689206,0.2276420636735983
2005-01-01,8802.493186605001,4975.179617809999,2270.90806238,1556.3870832100004,0.22940477560319894,0.21043366839939748,0.26167790047328343,0.24527928982579184
2005-02-01,8250.376845534998,4844.3420146299995,2168.7545767700003,1237.1789288399998,0.29719245283765816,0.2983179170097028,0.30133190328121073,0.2853916764568314
2005-03-01,8357.598857530002,4739.461201090001,2555.00655984,1063.03712548,0.26383263221776554,0.2708904788951729,0.28621939410892594,0.1849298137617177
2005-04-01,9282.195029914998,5261.359567059999,2903.0743634999994,1117.8470485999994,0.31701013674873835,0.3640138133313082,0.2799263073681688,0.21174553974224164
2005-05-01,12045.60961182,7756.445642389999,3093.44273036,1195.74608284,-0.026050073383065753,-0.12959004808581742,0.22527713728183119,0.28319919961012596
2005-06-01,11054.151061175,6819.403070260001,3020.14900321,1214.63725552,0.1672958132316018,0.12578502598647456,0.22227555994022352,0.2901196664334893
2005-07-01,10011.58545391,5395.441386969999,2885.3489188099998,1730.8197141700005,0.1501850413248047,0.1412082131432273,0.12414557500870238,0.22771514167469387
2005-08-01,10258.157585410001,5669.271618069999,3238.6736175,1350.2609194099998,0.21119269192002266,0.1391724641734522,0.29782229341402444,0.35385908902862484
2005-09-01,9886.9324624,5682.65820893,2855.23039446,1348.9839760700002,0.23963320853143344,0.30739772546134003,0.17410038560490038,0.12668840875910448
2005-10-01,9890.296574985,5553.7649004,2913.2831123099995,1423.51491699,0.22957319642995477,0.20406126301693828,0.2249359901648662,0.3520548086314441
2005-11-01,10112.953870165,5602.514434129999,2939.00736557,1571.2767135600002,0.24808849114307452,0.24235838072989435,0.15775488560039852,0.48996348399133494
2005-12-01,11299.98992424,6772.819337230001,3009.3885758,1517.7933800299995,0.4137535042765379,0.5305733000819604,0.192934799960371,0.45210135370865445
2006-01-01,11164.671521679998,6075.71941868,2930.53865912,2158.5014599999995,0.2683533272902261,0.2212060438843897,0.29046996999459385,0.3868667269765287
2006-02-01,10481.269804425,6040.927247770001,2737.18812609,1703.188038620001,0.2703989163958411,0.24700676160483548,0.2621013716391032,0.37667074577235105
2006-03-01,10440.65268754,5619.1768831399995,3183.98659639,1637.28172611,0.24924070483871263,0.18561512474195974,0.24617550750608963,0.5401924230733781
2006-04-01,10012.78007089,5263.902726599999,3094.26508388,1654.61226041,0.07870821918958248,0.00048336547000560337,0.06585801686095882,0.4801776884254869
2006-05-01,14357.998163494996,9049.241279230002,3552.7769887800005,1756.0402555399992,0.19196940845616628,0.16667371840714051,0.1484864270839581,0.4685728690569926
2006-06-01,13832.48643373,8641.22762961,3349.2042197299997,1842.0046756000002,0.2513386471000223,0.2671530837200593,0.1089533053403191,0.516505991586284
2006-07-01,12688.88066888,6619.92735584,3486.44001834,2582.6084619200005,0.2674197036318946,0.22694824779806466,0.20832527241728083,0.49213025526374254
2006-08-01,13012.848644829997,7202.942194310001,3900.2376212000004,1909.6688293199993,0.2685366291640856,0.2705233898745729,0.20427004441734242,0.41429615703788136
2006-09-01,12753.183258729998,6666.4626819000005,4144.85440507,1941.86317176,0.2899029407989129,0.17312399176568505,0.4516707349124107,0.43950054723202636
2006-10-01,13360.54771412,7155.50084361,4069.23277348,2135.81409703,0.3508743254385438,0.2884054280177826,0.3967858998274374,0.5003805520676561
2006-11-01,13785.078708819998,7538.693644430001,4102.795541449999,2143.5895229400003,0.36311100453927847,0.34559111503666595,0.39598001335879296,0.36423425895705286
2006-12-01,14118.32958778,8449.151299459998,3531.51720109,2137.6610872299993,0.24941081208349392,0.2475087373164151,0.1734999027671924,0.40840058690185344
2007-01-01,14535.25060958,7598.61867646,3752.47258386,3184.1894997599998,0.30189684321252797,0.250653322320612,0.2804719610785873,0.4751852425246914
2007-02-01,13356.402808379999,7471.23902123,3374.9240386499996,2510.2245474399997,0.27431151545599675,0.23677023655399876,0.23298943411353612,0.47383876032495853
2007-03-01,13943.93472117,6751.13967024,4271.188072309999,2921.6069786199996,0.3355424357531651,0.20144637028536794,0.3414591874075936,0.7844253264594936
2007-04-01,13279.316675059996,6808.288774219998,3924.2548178300003,2546.77308311,0.3262367275664775,0.29339182880712755,0.268234851071405,0.539196308432363
2007-05-01,18875.28851788,11579.728878529999,4624.34156297,2671.2180763799997,0.3146183961682172,0.27963533308676625,0.30161323876339563,0.5211599323835401
2007-06-01,18036.50935336,10962.63836705,4372.56907135,2701.30191496,0.3039238780222946,0.26864362761206073,0.30555462864623406,0.46650111736556754
2007-07-01,17469.580377465,8749.916545890002,5006.83179379,3712.92989623,0.37676291812798457,0.3217541636874546,0.436087174152477,0.43766658824840965
2007-08-01,17873.85952344,9496.56938374,5452.547567369999,2924.74257233,0.3735547082184256,0.31842920955854126,0.39800394153738616,0.5315443847776742
2007-09-01,16734.49832205,8814.625798400002,4950.06624093,2969.86273081,0.3121820632973853,0.3222343271091044,0.19426782153676192,0.5293882565980572
2007-10-01,17650.45940321,8498.82400403,6104.226216120001,3047.4091830600005,0.3210880108272982,0.1877329329951256,0.5000926601944371,0.42681387265756765
2007-11-01,18405.726175729997,9255.22099034,6096.8837038599995,3053.62148153,0.3351919538880548,0.2276955964616314,0.48603157097739635,0.4245364837116121
2007-12-01,19620.780666690003,10651.505888059999,5882.19031422,3087.08446441,0.38973810922168894,0.2606598592619307,0.6656269753986945,0.4441412078143181
2008-01-01,21728.989872640002,10361.86345383,7045.83924951,4321.287169300002,0.49491676863959255,0.3636509338112126,0.877652425713997,0.35710741136031876
2008-02-01,19604.15035157,10041.26472703,5960.21965642,3602.6659681199994,0.46777172213390217,0.34398922300532875,0.7660307574816239,0.4351966925803923
2008-03-01,17689.40336423,8660.83560904,5602.36212901,3426.2056261800003,0.26860916362248477,0.282870157051885,0.31166364818490844,0.17271270614172218
2008-04-01,20240.74125812,9372.99591656,7110.01109051,3757.7342510499993,0.5242306327504276,0.37670363690380193,0.8118117758830021,0.47548844299125026
2008-05-01,24259.02675539,12863.11254463,7430.5197477500005,3965.421731890001,0.28522680500539876,0.11083019987450005,0.6068276200120741,0.4844994375239813
2008-06-01,23620.94791576,13203.779127010002,6518.62059131,3898.5481974400004,0.30961858821976995,0.2044344331102006,0.4907987695429181,0.4432108369114782
2008-07-01,24518.505150029996,11178.70127224,8024.14067026,5315.66320753,0.40349708580623966,0.2775780447289915,0.6026383550996028,0.43166269121519596
2008-08-01,24245.962471409995,11842.33023023,8235.044856909999,4168.71177524,0.3565040297879447,0.24701139450488352,0.5103114195997962,0.42532604909531946
2008-09-01,23899.602176370005,10966.021161510002,8654.49286668,4279.088148180001,0.42816364831678255,0.24407109414678874,0.7483590007583467,0.44083701370700146
2008-10-01,24276.545336889998,11634.434887450001,8347.402994650001,4294.707454790001,0.37540586238083673,0.368946442699972,0.36747930026024167,0.40929793040708384
2008-11-01,21649.458696529997,10683.67787941,6086.4347147,4879.3461024200005,0.17623496567482477,0.15434065708003408,-0.001713824581135448,0.5978883211075761
2008-12-01,23641.63967548,12770.60539738,5636.5838801400005,5234.45039796,0.20492859469226765,0.19894834886168034,-0.04175424815587048,0.6955967542535002
2009-01-01,24109.0412123,11491.782265750002,5269.6526234699995,7347.606323079998,0.10953345524160008,0.10904590829194505,-0.25209014329464363,0.7003281742717935
2009-02-01,22776.77714958,12067.274815340003,5003.797043930001,5705.70529031,0.16183444531458213,0.2017684169660623,-0.16046767864667488,0.5837452988425242
2009-03-01,21765.28295188,11159.75608479,5060.82991456,5544.696952529999,0.23041362694526457,0.28853110583714114,-0.09666140852371041,0.6183199601805514
2009-04-01,23046.646842700004,11418.820240480003,6004.068789050001,5623.75781317,0.13862662186121044,0.21826792011137952,-0.15554719780059723,0.49658209906636963
2009-05-01,27291.374752319996,15824.21597321,5762.85798053,5704.30079858,0.12499874902261898,0.23020115996856316,-0.22443406704153868,0.4385105000827274
2009-06-01,26752.7802668,14283.447649009999,6691.062944629999,5778.269673160001,0.13258707322877705,0.08176965939936065,0.026453810419628132,0.4821593527955683
2009-07-01,27013.425516640003,12825.35034034,6444.008985550001,7744.06619075,0.10175662632544125,0.14730235901276956,-0.19692223125729413,0.45683913528983555
2009-08-01,25272.32918945,13081.114325980001,5658.171252400001,6533.043611069999,0.042331448761840695,0.1046064475205859,-0.3129155516800557,0.5671612630724225
2009-09-01,26231.72126131,13359.0863446,6350.3092516100005,6522.325665099999,0.09757982864023584,0.21822547557080196,-0.26624132119181254,0.5242326026572044
2009-10-01,26416.943036999997,13098.555739930001,6750.553348470001,6567.8339485999995,0.08816731006851741,0.12584374459470649,-0.1912989761250834,0.5292855259034512
2009-11-01,26092.66154148,13450.7,6448.3,6193.66048766,0.2052339001742416,0.2589952778268161,0.05945439362489524,0.2693628116661251
2009-12-01,28161.602266805,14717.3,6966.1,6478.111358090001,0.191186510469191,0.1524355770180934,0.23587267538844414,0.2375915073366035
2010-01-01,29025.11512437,13869.6,5860.3,9295.2190022,0.20390997173134817,0.20691461770354147,0.11208468920690762,0.26506764155317364
2010-02-01,27377.334632550002,14239.315120169998,6257.003123139999,6881.0163892400005,0.20198456756007,0.1799942686370981,0.2504510211360862,0.20598874970392034
2010-03-01,28508.720527,13549.24245615,7866.744908649999,7092.7331622,0.30982540360393207,0.21411636179187732,0.5544377190028429,0.2791922124731532
2010-04-01,30129.574391149996,14438.88334441,8186.9070775499995,7503.783969189999,0.3073300683085487,0.26448118459942105,0.36355984003397457,0.33430069687874164
2010-05-01,39344.72836487999,22726.45875553,9023.39938602,7594.870223330002,0.4416543219954634,0.43618229136946307,0.5657854863864153,0.3314287747975404
2010-06-01,37295.32937055,19890.94917724,9653.34882126,7751.031372050001,0.3940730271250805,0.39258739668630804,0.442722763355174,0.34141045857611263
2010-07-01,37374.67586447,16596.08305362,10184.034108909998,10594.558701939997,0.3835592913400625,0.2940062152859708,0.5803879435529347,0.3680873123985957
2010-08-01,34555.23921706999,16967.83889058,9371.58864735,8215.81167914,0.36731517534581526,0.2971248830751898,0.6562928602372886,0.25757796338885797
2010-09-01,35649.10016994,16756.84253302,10411.65040644,8480.60723048,0.359007280338862,0.25434046167337176,0.6395501374677655,0.3002428375906583
2010-10-01,36077.47977613001,17131.14595599,10295.194236890002,8651.13958325,0.3656947257523062,0.3078652559966546,0.5250889379643799,0.31719828043065523
2010-11-01,36407.966944190004,16938.0989433,10407.07885249,9062.7891484,0.39533358397768525,0.2592726730430386,0.6139259731231488,0.46323634730323615
2010-12-01,38155.62950305,20369.411287529998,8833.48280385,8952.735411670003,0.3548813430983395,0.384045394707589,0.26806718305077437,0.381997763976323
2011-01-01,40767.26164209,18979.643250369998,9491.30288259,12296.315509129998,0.40455124699440326,0.36843479627170206,0.6195933454925515,0.32286452919718145
2011-02-01,36750.51319166,18749.40011757,8360.24599106,9640.86708303,0.3423700182984888,0.3167346855756752,0.33614221161911684,0.40108183699513345
2011-03-01,37463.00956803001,17475.762642839996,10559.122909599999,9428.12401559,0.31408947422068945,0.28979628930529255,0.3422480367946792,0.32926529167010354
2011-04-01,39738.38007192999,18597.33635194,10706.004386790002,10435.039333199999,0.3189160774737796,0.2880037817564294,0.30769829013301364,0.39063696077146215
2011-05-01,50640.10600005999,29094.1,11296.5,10249.48069981,0.28708744740661385,0.28018624955903304,0.2519117814403433,0.3495267724688089
2011-06-01,48679.148099225,26206.8,11905.3,10566.92878104,0.3052344333943371,0.3175238530088269,0.2332818610864269,0.363293253997661
2011-07-01,47844.841186615005,22830.2,10749.8,14264.78136308,0.2801406321251443,0.37563784937917566,0.05555420229739938,0.3464252513384949
2011-08-01,46777.290359479994,22412.356324230004,13300.251949830003,11064.68208542,0.3536960362402126,0.32087276810912124,0.41920996005206757,0.3467545895085813
2011-09-01,47729.79926628,23724.30544992,12645.127907740001,11360.36590862,0.33887809338106867,0.4157980778998398,0.21451714321088922,0.3395698680384478
2011-10-01,47554.87227607,22959.78414084,12862.706413380001,11732.38172185,0.31813177004491844,0.3402363274368103,0.24938938668005162,0.3561660413578094
2011-11-01,47275.95515933,24589.1,11097.1,11589.668791259997,0.2985057702287963,0.45170364645475236,0.06630305749484222,0.2788192025085465
2011-12-01,48912.77460904,26141.22725568,11180.70612399,11590.84122937,0.2819281255765975,0.2833570340682092,0.26571889845271235,0.2946703656919418
2012-01-01,52843.979848740004,25711.549182330004,10806.167329,16326.26333741,0.29623569796460014,0.3546908571017935,0.13853360941856252,0.3277362088901974
2012-02-01,47282.44325032001,25212.01779707,9619.655714780001,12450.769738469999,0.28657912894261517,0.3446839706324205,0.1506426635133402,0.2914574624087529
2012-03-01,48363.176876670004,24207.3,11340.7,12815.349932000001,0.29095813268408444,0.38519276638939615,0.0740191299117674,0.3592682818776045
2012-04-01,49435.86025065,24148.099884620002,11952.55205659,13335.208309439999,0.2440331025363065,0.2984708900046844,0.11643444414595017,0.2779260224743818
2012-05-01,61026.33774937,35063.11647862,12378.214453450002,13585.0068173,0.20509893382327649,0.20516243769767772,0.09575660190767077,0.32543366978112687
2012-06-01,58684.12142408,34492.96937544001,10643.045175899999,13548.106872739998,0.2055289321099334,0.31618394368789815,-0.10602461291189647,0.2821234204823124
2012-07-01,61316.81392888001,28661.62326167,13986.41669831,18668.7739689,0.28157628718462346,0.25542585091983416,0.30108622470278523,0.3087318686298539
2012-08-01,60455.60910545,32510.701948799993,13448.745696940001,14496.161459710002,0.2924136614338526,0.45057045669279616,0.011164731891556201,0.3101290527643523
2012-09-01,57374.555863450005,29944.598816769998,12963.58047053,14466.37657615,0.20206991744010527,0.26219074695276157,0.025183815071975424,0.2734076254685798
2012-10-01,60130.63297132999,31012.1,13809.1,15309.54997736,0.2644473656085966,0.3507139182914547,0.07357655194831669,0.3048970226435779
2012-11-01,60664.62589573999,32570.072127599997,12745.700502899997,15348.853265239997,0.2832025432651193,0.32457357640580575,0.14856138116264583,0.3243565059266298
2012-12-01,62220.802087265,34791.4,12189.6,15239.796077050001,0.27207672401731675,0.3309015548396059,0.09023525570046576,0.31481363392623507
2013-01-01,65682.782974275,32653.4,11586.8,21442.452170279998,0.2429567788475555,0.26998959761011654,0.07223955054860687,0.3133716960908477
2013-02-01,60887.81464082,33235.689501169996,11386.53200555,16265.593134100001,0.2877467925773465,0.3182478994216982,0.18367354749040588,0.30639257457658076
2013-03-01,60278.37244582499,31366.4,12106.9,16805.127967580003,0.2463691663502523,0.2957413672735085,0.06756196707434281,0.3113280602363815
2013-04-01,67630.477140015,30035.5,19000.8,18594.048667050003,0.3680449130876766,0.24380386628803463,0.5896856094028864,0.39435757099401814
2013-05-01,77754.70795151999,43797.026789769996,15519.733475109999,18437.94768664,0.2741172224827251,0.24909110165593984,0.25379419895123934,0.35722770953342176
2013-06-01,74695.83970262,43897.541690239996,13214.784285579999,17583.5137268,0.27284583785163163,0.2726518616717388,0.24163564723970343,0.2978576189253128
2013-07-01,80298.12803159999,38504.522207550006,15961.444259619999,25832.16156443,0.3095613239907733,0.3434173583267768,0.14121040463127654,0.3837095894708118
2013-08-01,75864.968209085,39663.5,17709.5,18491.875451649998,0.25488716980350246,0.2200136454286563,0.31681425160931176,0.2756394513848035
2013-09-01,71805.00783285999,37902.248079640005,15276.561852519999,18626.197900699994,0.25151309238461206,0.2657457296911072,0.17842149298552834,0.2875510189198369
2013-10-01,74292.14190404,39600.0669571,15268.01749785,19424.05744909,0.23551238749577363,0.2769231028243817,0.10564899217544954,0.2687543055030748
2013-11-01,73582.95523891,41499.920334559996,12934.98596887,19148.048935479997,0.21294665799755896,0.2741734243625704,0.014850926861723623,0.24752309534705796
2013-12-01,76059.774402335,42735.3,14208.5,19115.791083070002,0.22241713142271546,0.22832941474042445,0.1656247949071339,0.25433378415456365
2014-01-01,90307.16747115001,45551.23561640001,16579.69838829,28176.23346646,0.3748986169864219,0.394992117709029,0.43091262370024497,0.3140397023020185
2014-02-01,81172.93214081001,44495.32172371,15666.47963538,21011.130781720003,0.33315561774803126,0.3387813639955817,0.3758780660998342,0.2917531262767923
2014-03-01,78709.94871551,40614.78162335,17214.68517174,20880.481920420003,0.3057742855656951,0.29484995483542886,0.4218904237864358,0.24250657065522274
2014-04-01,92737.30854781,42158.31235348,28371.92201257,22207.07418176,0.3712354617255835,0.4036161326923142,0.4931961818749737,0.19431085609195686
2014-05-01,105070.56989886,59874.25184475001,21577.93227605,23618.38577806,0.351308141551653,0.3670848510368585,0.39035456444248395,0.2809660912083891
2014-06-01,101186.18396449,57739.959554919995,20982.82493399,22463.39947558,0.35464283375531624,0.31533469373656664,0.5878295461006127,0.2775262000872043
2014-07-01,107089.93670847999,52272.18368273,22757.03949087,32060.713534880008,0.3336542125407522,0.35755959783031455,0.42575064766800663,0.24111617430523147
2014-08-01,99647.94192956001,56258.09166089999,19121.118596700002,24268.731671960002,0.313490854631729,0.4183844507141323,0.07970968105818921,0.3123996933363806
2014-09-01,98719.03315585,54258.06222736,19734.565109299998,24726.405819190004,0.3748210067135931,0.4315262280314678,0.2918198021136944,0.3275068777327206
2014-10-01,104606.40499109999,57444.8,21391.6,25769.920719940004,0.4080413124474944,0.45062380985950745,0.40107253630095085,0.32670122025134885
2014-11-01,101836.51508812999,58146.271502400006,17475.589606150003,26214.653979579998,0.38396881122110416,0.4011176656157911,0.3510327454708997,0.3690509183421855
2014-12-01,108598.76736990998,64738.77801879,17753.16200065,26106.827350469997,0.4278081709190036,0.5148782860724037,0.24947475107506079,0.3657204787926167
2015-01-01,117458.44764199,61579.97437904001,18033.20488537,37845.268377579996,0.30065476452368944,0.3518837314891432,0.08766784913931791,0.34316279081906664
2015-02-01,106557.86002451,62976.10422246,15006.911374719999,28574.84442733,0.312726511340812,0.415342147956697,-0.042100604348310755,0.3599860342685859
2015-03-01,105400.26528059,58038.57558175999,18959.00231928,28402.687379549992,0.339097115430093,0.42900129612891513,0.10132727552889031,0.3602505673862666
2015-04-01,112658.62304882999,59766.23845586,22052.93585838,30839.448734589998,0.2148144561554719,0.41766202486344395,-0.22271970687746911,0.38872183170893737
2015-05-01,138138.87945319,85326.19769092,23033.761187609998,29778.92057466,0.31472475676263345,0.42509000216261916,0.06746841601573972,0.26083640323644586
2015-06-01,140837.77337687,82840.24872308,27045.577809720002,30951.94684407,0.3918676232151932,0.43471262123565557,0.2889388294856796,0.3778834711868928
2015-07-01,145998.56433685,72875.83342947,28028.156677349998,45094.57423003,0.36332664696858474,0.39416087668721533,0.23162578720288907,0.40653682523222634
2015-08-01,132515.218983,76388.83871108,23276.664875169998,32849.71539675,0.32983397767184686,0.35782847330690926,0.21732757199608477,0.35358187814587905
2015-09-01,129442.42606613002,74532.18227253,20832.32447289,34077.91932071001,0.3112205613052985,0.3736609678431648,0.055626225230201776,0.3781994669950113
2015-10-01,134417.06261348998,78292.92096526,21892.54079703,34231.6008512,0.28497927660286493,0.3629244242343954,0.02341764043035588,0.3283549151438636
2015-11-01,129489.14523125501,76418.9,18965.7,34104.72507520001,0.27153943866985486,0.31425279773692427,0.08526810410594665,0.30097941028578945
2015-12-01,145033.95284125,86463.04515389001,24277.84773929,34293.059948070004,0.33550275342660374,0.3355680752700443,0.36752245816272655,0.3135667343911335
2016-01-01,162654.15131857,87241.06218195001,25090.545832080003,50322.543304540006,0.3847803592155006,0.41671156998149494,0.39135256276245656,0.3296918072419246
2016-02-01,134803.27726909998,75134.78209573001,23346.66575676,36321.829416609995,0.26507117577336015,0.19306811723888284,0.5557275693710564,0.27111206183402703
2016-03-01,137762.36926039998,69622.39744557,31141.728627329998,36998.2431875,0.30704006193587463,0.19958832117600234,0.6425826687969232,0.3026317789259205
2016-04-01,150809.70255676,73541.13171618,35663.39019665,41605.180643930005,0.33864322566230953,0.23047950843507348,0.6171719913245972,0.3490896352263586
2016-05-01,170344.61015764,96343.44865640998,31250.16150657,42750.99999466001,0.23314023417544316,0.12911920680443467,0.3567111880703031,0.43561281502723226
2016-06-01,174596.73135568,102894.65037891999,29213.119320340003,42488.96165642,0.23970102032551943,0.24208524195621672,0.08014402671925902,0.37273955239298107
2016-07-01,180091.40352652004,90628.56159616,32502.24151489,56960.60041547,0.23351489341368148,0.2436024033107116,0.1596282227562822,0.26313645018380094
2016-08-01,165763.09835166,90973.26252758,30513.735865869996,44276.099958210005,0.25089857318898057,0.19092349173760348,0.31091528917529865,0.34783816004051227
2016-09-01,168317.25607225,93231.07722918,29853.26116925,45232.91767381999,0.3003252580128517,0.25088350275692606,0.4330259308364428,0.32733801169400634
2016-10-01,167196.31217207998,93970.49734149,27755.64252142,45470.172309170004,0.24386226659962973,0.20024257854916971,0.26781275772181745,0.3283098417401662
2016-11-01,182272.66508640003,106791.83273724,28495.19729297,46985.63505619001,0.4076289156197517,0.3974531527834084,0.5024595608371953,0.3776869613400471
2016-12-01,275542.17169319006,199704.91313474003,29070.34545514,46766.91310331,0.8998459760301136,1.3097140839684527,0.19740208305590756,0.3637427856869335
2017-01-01,211413.38814554,115412.38788950001,30243.513127309998,65757.48712872999,0.2997724708019993,0.3229136028719579,0.20537485831183355,0.30672026512613626
2017-02-01,172221.57082579,98436.06757190998,22870.345220379997,50915.1580335,0.27757703161766645,0.31012647972401863,-0.020402079737749546,0.40177845805906665
2017-03-01,212294.84218965,125431.51848191,34342.52554902001,52520.79815872,0.5410220028109991,0.8015972314077657,0.10278160727664254,0.419548433490603
2017-04-01,187948.9920089,97807.32469201,34604.84343618,55536.823880710006,0.2462659154052902,0.3299676304884922,-0.029681607795363996,0.3348535692228165
2017-05-01,206055.39205054002,114978.48268625999,36442.19996226,54634.70940202,0.20963846088146032,0.19342294976701746,0.16614437191303577,0.2779750043003528
2017-06-01,226592.65403147,135600.91100415,36803.622558710005,54188.12046861,0.29780581957096564,0.31786162356143755,0.2598320006547543,0.27534583939220103
2017-07-01,237325.84681755,124148.85684283999,39746.93970422,73430.05027049,0.31780774745642804,0.36986458414783296,0.222898417206427,0.28913757465497225
2017-08-01,221275.37447995998,120777.55768564,42963.33017808999,57534.486616229995,0.3348892285455043,0.32761598660952007,0.4079996748659356,0.2994479339990179
2017-09-01,224065.55502378,127297.51670422,38974.91727188,57793.121047680004,0.3312096469039403,0.36539789614677654,0.30554973712639644,0.2776783815811563
2017-10-01,219713.32577436997,119030.71557996998,40841.05438446,59841.55580993999,0.31410389930274896,0.26668176659117626,0.4714505114749743,0.3160617778849213
2017-11-01,224463.75656049,122289.43379080002,41325.00404777,60849.31872192,0.23147240127361246,0.14511972176460053,0.45024453148689814,0.29506217483599917
2017-12-01,235238.45993003,137789.5696599,36273.966833139995,61174.92343698999,-0.14627057453854042,-0.31003415240498367,0.2477996482400351,0.308081277501727
2018-01-01,261961.04110747998,133069.21388491,43977.15659445999,84914.67062810999,0.23909390699108535,0.1529890015993367,0.45410212131567707,0.2913308329723274
2018-02-01,235666.26739981,130988.64505813998,38882.090814350006,65795.53152732001,0.36838995411438447,0.3306976628505556,0.7001094841236493,0.2922582207056954
2018-03-01,238835.95069740998,131376.97635615,40159.28042968,67299.69391157999,0.12502003456141408,0.04740003107829294,0.16937469762837476,0.281391301560147
2018-04-01,236227.30272310998,118498.90485908999,49472.943386009996,68255.45447801001,0.2568692186012034,0.21155450506632967,0.429653726861978,0.22901256695231464
2018-05-01,295420.93418678996,167745.08348197,59074.04854044,68601.80216438002,0.43369669314128356,0.4589258751978267,0.6210340923878863,0.25564504534261534
2018-06-01,298853.29289336,173186.15229185,55878.335188879995,69788.80541263001,0.31890106575058774,0.27717543347883367,0.5182835629764857,0.28789861706048914
2018-07-01,293893.98853315006,145268.34523387003,59593.128051839994,89032.51524744,0.23835643051170985,0.1701142396966666,0.499313619999602,0.21248065225988677
2018-08-01,293418.40609410004,160798.35692942998,62703.77958547,69916.2695792,0.3260328076890171,0.33135956721327453,0.45947205036370864,0.21520628220009552
2018-09-01,295817.64357674,153550.97238904,71617.11281491,70649.55837278998,0.3202281071061768,0.20623698218576214,0.837518019995414,0.2224561866887802
2018-10-01,312508.82685242005,165018.34403379002,72866.44509153001,74624.03772710002,0.4223480790297831,0.38635093664478193,0.7841470106426942,0.24702703191925668
2018-11-01,300119.36737178004,169683.97712035,55843.73820161,74591.65204981998,0.33705045291310465,0.3875604118883045,0.35133049562577034,0.22584202447199342
2018-12-01,319921.45509538,190711.08091879002,54301.277719670004,74909.09645692,0.3599878828935472,0.3840748714834792,0.49697654986165474,0.22450658289872916
2019-01-01,363926.99770248,195650.29725419002,59175.31292648,109101.38752181001,0.3892409198097684,0.47028972023089954,0.3455920643567618,0.2848355497912429
2019-02-01,330890.72098553,190256.42859748,54850.47587785,85783.81651019999,0.4040648440541168,0.45246504773779206,0.41068740721130736,0.303793958630463
2019-03-01,327869.71187774,180546.43017089003,61631.31731898,85691.96438787,0.37278207455932866,0.37426233407478104,0.534671853169733,0.27328906577872747
2019-04-01,357362.2762273,193973.25496423003,72099.99107404001,91289.03018902999,0.512789893919148,0.6369202331016348,0.45736206781722455,0.33746131920403144
2019-05-01,444249.74776702997,246718.90600372,106839.84236843,90690.99939488001,0.5037856033795423,0.4707966450190384,0.8085749158582085,0.3219915007126348
2019-06-01,454442.13743065984,273951.14446137,88358.2034127,92132.78955659,0.5206194752982651,0.5818305380427458,0.5812604851957655,0.32016573448778773
2019-07-01,450909.80214728,229969.87542511997,96378.83084221001,124561.09587994998,0.5342600384506306,0.5830694226941697,0.6172809515615656,0.39905174568828716
2019-08-01,458494.59830432007,242984.64424010998,117990.76812904,97519.18593517,0.5625965814744411,0.5111139745460789,0.8817170018947527,0.3947996156274023
2019-09-01,422011.65800440003,223296.83816738002,110546.26617073,88168.55366629,0.42659394112482407,0.4542196294376464,0.5435733419808475,0.2479703440049712
2019-10-01,446171.7679775302,230817.70008575002,120388.09125581999,94965.97663596,0.427709330553506,0.3987396458086294,0.6521746203564127,0.2725923111162978
2019-11-01,474870.11330399,246257.87619584,122617.82315262,105994.41395552999,0.5822708059881163,0.4512735991635748,1.1957309288632985,0.4209956616155386
2019-12-01,492366.6,251166.3,131306.1,109894.2,0.5390233826399917,0.31699898500891743,1.4181033212121985,0.4670341146512136
2020-01-01,527284.46216997,275334.29633383005,100924.09232206999,151026.07351406998,0.4488742673634758,0.4072776796046167,0.7055100738961717,0.3842727113243998
2020-02-01,471693.290156,268560.51519648,80596.60017459,122536.17478492999,0.42552589190504175,0.4115713049815817,0.4693874371131377,0.42842997397253835
2020-03-01,443636.6561833,228462.3119696,95245.17948898001,119929.16472471999,0.35308825460745386,0.26539368157740273,0.5454022992243956,0.39953804982088115
2020-04-01,398658.7237550499,208231.27487046,90007.27997414,100420.16891045,0.11555905666294608,0.0735050814549627,0.24836742187264438,0.10002449037428018
2020-05-01,499534.96312047006,303294.27112335,94992.40178258,101248.29021454,0.12444625040604929,0.22931102458267616,-0.11088972356393889,0.11640946610029324
2020-06-01,545962.77820331,321061.64226379,112151.98003097,112749.15590854999,0.20139118544352552,0.17196678588456527,0.2692876914567284,0.22376795982386888
2020-07-01,559091.89745643,299173.67035823,112354.35243846002,147563.87465974002,0.23991959100018545,0.3009254790662499,0.1657575782632692,0.18467065191815402
2020-08-01,612146.02653281,373153.36282920005,119905.39179565,119087.27190795999,0.33512156696447204,0.5357075917129206,0.01622689382372755,0.22116761707925137
2020-09-01,606508.0647774901,335774.7948885299,146513.22181940998,124220.04806955002,0.4371831992640507,0.5037149546955881,0.3253565850259641,0.4088928864559995
2020-10-01,642104.4653061801,373678.26343755994,142717.15641989,125709.04544873002,0.4391418538577665,0.6189324445167612,0.18547569723172708,0.32372719053498145
2020-11-01,648976.2944879599,374646.30354492,146535.67470543,127794.31623761,0.3666395848174071,0.521357648869583,0.19506015469741222,0.2056702940140427
2020-12-01,679640.69150076,403638.70287731005,143159.48842145,132842.500202,0.38035498650956434,0.6070575665497722,0.0902729455939213,0.20882175949231163
2021-01-01,772859.8174596,381453.01902501995,203141.91402188002,188264.8844127,0.46573599813466315,0.385417741647869,1.0128188358990782,0.24657206555238131
2021-02-01,716595.43985888,383963.27785453,176742.07826543,155890.08373892002,0.5191978661004168,0.4297085987253968,1.192922255809398,0.2721964269941617
2021-03-01,763857.8215363701,382425.5239877,220732.28372895002,160700.01381972,0.7218095278870789,0.6739107675605895,1.317516591529853,0.3399577507988454
2021-04-01,817882.1230440498,433865.05388995993,215197.08495033998,168819.98420375,1.0515846620393678,1.083572960689339,1.3908853262999203,0.6811362302556547
2021-05-01,862479.93573646,461559.14851219003,228551.09870767,172369.6885166,0.7265657049283667,0.5218195411428446,1.4059934733599126,0.7024454255114565
2021-06-01,922853.32154597,498098.40756046,252415.40232066996,172339.51166484,0.6903227809466355,0.551410514343577,1.2506548903636583,0.528521524406119
2021-07-01,933200.1677529501,453747.40472898,239445.34953541998,240007.41348854997,0.6691355607164282,0.516668910688777,1.1311622054568082,0.6264645669000679
2021-08-01,1005306.0645305999,567231.17037012,243176.01253349998,194898.88162697997,0.6422651147874718,0.5201019925680084,1.0280657015652408,0.6366054785234576
2021-09-01,976314.1424859399,518493.93499844003,254665.89329895002,203154.31418855,0.6097298604662755,0.5441716974931634,0.7381768698858278,0.6354390241002417
2021-10-01,1018783.2333997599,545519.7107883199,265899.01568296994,207364.50692847,0.5866315972650415,0.45986471294837306,0.8631187893112513,0.6495591561312337
2021-11-01,1034964.2729937901,548764.5118982901,269393.33323846996,216806.42785702995,0.5947643724188314,0.464753573452763,0.8384146644154182,0.6965263733163087
2021-12-01,1179889.8214528197,655949.3441980899,300983.54885290004,222956.92840182997,0.7360494099425186,0.6250903085412802,1.102435208254089,0.6783554063104968
2022-01-01,1171943.0637611402,592368.2205031,269661.12281186,309913.72044618,0.5163720991645442,0.5529257626985666,0.3274519151316815,0.646157866417673
2022-02-01,1166514.2406069501,601202.00075157,306425.02404081,258887.21581457002,0.6278560757191995,0.5657799467462197,0.7337412066673963,0.6607035521781262
2022-03-01,1241088.95711712,585106.66342031,391818.68204958,264163.61164723005,0.6247643502829894,0.5299885251360181,0.7750855263687522,0.6438306716238358
2022-04-01,1341595.35611988,714474.3488596701,336534.49749479,290586.50976542,0.6403285000614003,0.6467662985387166,0.5638431978409488,0.7212802805070111
2022-05-01,1551369.96283376,864042.55456861,384304.1620314,303023.24623375,0.7987316557214355,0.8720082948280901,0.6814802650454423,0.7579845322083265
2022-06-01,1680901.30723038,983971.6673392,381281.17230917,315648.46758201,0.8214176272503662,0.9754563604376991,0.510530533413283,0.8315502030426567
2022-07-01,1745178.1046637301,911268.1432285599,403705.05560776003,430204.90582740994,0.8701005046601515,1.0083159346616068,0.6860008197738745,0.7924650725338271
2022-08-01,1731319.4924793502,972138.3050388399,405655.45767907996,353525.72976143,0.7221814863792178,0.7138308961485964,0.6681557257757764,0.8138930650102367
2022-09-01,2127180.67389125,999053.61923395,758951.85135052,369175.20330677996,1.178787115051838,0.9268376191072627,1.9801864769523463,0.8172156706657185
2022-10-01,1964056.3525701798,1150852.21861147,419922.23921281006,393281.8947459,0.9278451864740345,1.1096436954558357,0.5792545833019602,0.8965728541073901
2022-11-01,1953859.6578480103,1158786.61260316,372575.33705293,422497.70819191996,0.8878522755149574,1.1116281892841013,0.38301617406070765,0.9487323893852921
2022-12-01,2307475.60560662,1330279.49461801,539026.6203145,438169.49067411,0.9556704055344623,1.028021685492042,0.7908839947193889,0.965265191868842
2023-01-01,2265961.79873514,1241614.45551228,387828.21176014,636519.1314627199,0.9335084346699776,1.0960180045745425,0.43820587749582307,1.0538591532712038
2023-02-01,2126337.89725611,1271764.97581416,328418.30115562,526154.62028633,0.8228134927437774,1.1153704981425725,0.07177376320244955,1.0323700366231772
2023-03-01,2336942.38424853,1314986.29431404,459211.15389249,562744.936042,0.8829773408643711,1.2474300439976749,0.17199912850092813,1.1302893783626113
2023-04-01,2551511.44943979,1443438.74595543,495941.84608433,612130.85740003,0.9018487488054456,1.0202807116297685,0.47367312943009,1.1065357022051066
2023-05-01,3178453.6382806497,1760195.28189516,758404.27590866,659854.0804768299,1.0488044208841258,1.0371627214286585,0.9734479894773913,1.1775691755602904
2023-06-01,3517257.61702437,2044866.96264373,797234.1778823601,675156.47649828,1.092483123128599,1.0781766696325135,1.090935078315133,1.1389505916827067
2023-07-01,3571198.0279958905,1921541.36360601,672421.11331433,977235.55107555,1.0463229617953562,1.1086453837814654,0.6656247029208735,1.2715583616975268
2023-08-01,4062431.7994844597,2353082.75413298,894408.08237946,814940.9629720199,1.3464368171970507,1.4205226169325433,1.2048466634634543,1.30518147440631
2023-09-01,4303335.131374829,2392578.44393489,1079897.78408616,830858.9033537799,1.0230228603491125,1.3948448790661114,0.42288049256949733,1.2505815556180426
2023-10-01,4466095.489322309,2615158.4321109997,969814.32310653,881122.73410478,1.2739141285217919,1.2723668511203372,1.3095093151640467,1.2404355396885856
2023-11-01,4679609.85737704,2749667.12696957,911071.69573113,1018871.03467634,1.3950593578103678,1.372884789195632,1.445335493588236,1.411542157321045
2023-12-01,5922687.18486099,3329592.6725212904,1502194.77361926,1090899.73872044,1.5667388077560869,1.5029271562795783,1.7868656519093453,1.4896752556690451
2024-01-01,7699887.38525299,3558663.4192737895,2475463.62561376,1665760.3403654401,2.398065840982433,1.8661581729132766,5.382886934343908,1.6169839334405012
2024-02-01,7249313.922219569,4080091.6052104402,1620353.7972587901,1548868.51975034,2.409295357795344,2.208211959602396,3.9338109099193908,1.943751627435022
2024-03-01,7726458.691607789,4267788.58226856,1718411.1590847801,1740258.95025445,2.3062255807784147,2.2455004289568232,2.7420936850481916,2.0924471084437575
2024-04-01,8663813.17291225,4752901.08896144,1968823.3555034,1942088.72844741,2.3955611583927934,2.292762579831842,2.9698673766855745,2.172669217651034
2024-05-01,13379446.494132482,8758908.79872882,2411237.65161212,2209300.04379154,3.2094200566568434,3.976100600211991,2.1793566152078534,2.3481645551013868
2024-06-01,11297649.204464741,7178857.43489149,1870857.2035482598,2247934.5660249903,2.212061905781769,2.510672120014214,1.3466846448024756,2.329501595961832
2024-07-01,11910547.537222948,6200593.86631241,2485199.7553442903,3224753.91556625,2.3351686027635354,2.226885449229273,2.6958978624196748,2.299873722376423
2024-08-01,11764131.36139993,7011515.24025212,2179536.55109174,2573079.57005607,1.8958347960186925,1.97971468616521,1.436848004876429,2.1573815613247236
2024-09-01,12844456.67623793,7362744.00811744,2810624.74278129,2671087.9253392,1.9847679262977556,2.0773260650164938,1.6026766460676831,2.214851420087449
2024-10-01,12780380.77223406,7002531.86957158,2947080.49557147,2830768.40709101,1.8616452117492388,1.6776702258604725,2.038809002254492,2.2126834293602338
2024-11-01,13026430.83240848,7413084.930414421,2666084.7295858096,2947261.17240825,1.783657447826196,1.6959935832612731,1.9263171516334854,1.8926734317699916
2024-12-01,13015182.677521478,7149970.86564597,2855420.8669551,3009790.94492041,1.1975131002680084,1.1474010694022065,0.9008326464054277,1.7589986852968855
2025-01-01,15031693.086697541,7444397.39151799,3266325.32281857,4320970.37236098,0.9521964847806219,1.091908257240342,0.31948023352947685,1.5939928257705014
2025-02-01,13520837.104984201,7077295.55547385,3049575.04587052,3393966.5036398303,0.8651195478708749,0.7345923180832168,0.8820427063704199,1.1912553973186175
